{
  "best_model": "logistic_regression",
  "cv_roc_auc": 0.9116938616938619,
  "test_metrics": {
    "accuracy": 0.8852459016393442,
    "precision": 0.8387096774193549,
    "recall": 0.9285714285714286,
    "f1": 0.8813559322033898,
    "roc_auc": 0.9621212121212122
  },
  "candidates": [
    {
      "name": "logistic_regression",
      "cv_roc_auc": 0.9116938616938619,
      "test_metrics": {
        "accuracy": 0.8852459016393442,
        "precision": 0.8387096774193549,
        "recall": 0.9285714285714286,
        "f1": 0.8813559322033898,
        "roc_auc": 0.9621212121212122
      }
    },
    {
      "name": "random_forest",
      "cv_roc_auc": 0.8999183586140107,
      "test_metrics": {
        "accuracy": 0.8852459016393442,
        "precision": 0.8387096774193549,
        "recall": 0.9285714285714286,
        "f1": 0.8813559322033898,
        "roc_auc": 0.948051948051948
      }
    }
  ]
}